{"reward/mean":0,"vllm/calls":0,"reward/max":0,"skillbank/bank_maintenance_time_s":5.773594602942467e-05,"step":9,"_runtime":55.784806533,"phase_b_finalize_time_s":0.0011413040338084102,"wall_time_s":5.016911481972784,"skillbank/materialization_time_s":0.0004524029791355133,"reward/std":0,"grpo/wall_time_s":0.00014576606918126345,"vllm/prompt_tokens":0,"_wandb":{"runtime":55},"reward/total_steps":0,"n_skills":0,"_timestamp":1.7736186141127355e+09,"skillbank/contract_learning_time_s":0.0001552810426801443,"mode":0,"phase_c_grpo_time_s":0.00015342794358730316,"n_new_skills":0,"vllm/completion_tokens":0,"_step":9,"phase_ab_time_s":5.013978214003146,"reward/min":0}